ID,NO,AREA,CATEGORY,STATUS
10591,BF2B007,101,15,未锁定
10592,BF2B008,101,15,未锁定
10593,BF2B009,101,15,未锁定
10594,BF2B010,101,15,未锁定
10595,BF2B011,101,15,未锁定
10596,BF2B012,101,15,未锁定
10597,BF2B013,101,15,未锁定
10598,BF2B014,101,15,未锁定
10599,BF2B015,101,15,未锁定
10600,BF2B016,101,15,未锁定
10601,BF2B017,101,15,未锁定
10602,BF2B018,101,15,未锁定
10603,BF2B019,101,15,未锁定
10604,BF2B020,101,15,未锁定
10605,BF2B021,101,15,未锁定
10606,BF2B022,101,15,未锁定
10607,BF2B023,101,15,未锁定
10608,BF2B024,101,15,未锁定
10609,BF2B025,101,15,未锁定
10610,BF2B026,101,15,未锁定
10611,BF2B027,101,15,未锁定
10612,BF2B028,101,15,未锁定
10613,BF2B029,101,15,未锁定
10614,BF2B030,101,15,未锁定
10615,BF2B031,101,15,未锁定
10616,BF2B032,101,15,未锁定
10617,BF2B033,101,15,未锁定
10618,BF2B034,101,15,未锁定
10619,BF2B035,101,15,未锁定
10620,BF2B036,101,15,未锁定
10621,BF2B037,101,15,未锁定
10622,BF2B038,101,15,未锁定
10623,BF2B039,101,15,未锁定
10624,BF2B040,101,15,未锁定
10625,BF2B041,101,15,未锁定
10626,BF2B042,101,15,未锁定
10627,BF2B043,101,15,未锁定
10628,BF2B044,101,15,未锁定
10629,BF2B045,101,15,未锁定
10630,BF2B046,101,15,未锁定
10631,BF2B047,101,15,未锁定
10632,BF2B048,101,15,未锁定
10633,BF2B049,101,15,未锁定
10634,BF2B050,101,15,未锁定
10635,BF2B051,101,15,未锁定
10636,BF2B052,101,15,未锁定
10637,BF2B053,101,15,未锁定
10638,BF2B054,101,15,未锁定
10639,BF2B055,101,15,未锁定
10640,BF2B056,101,15,未锁定
10641,BF2B057,101,15,未锁定
10642,BF2B058,101,15,未锁定
10643,BF2B059,101,15,未锁定
10644,BF2B060,101,15,未锁定
10645,BF2B061,101,15,未锁定
10646,BF2B062,101,15,未锁定
10647,BF2B063,101,15,未锁定
10648,BF2B064,101,15,未锁定
10649,BF2B065,101,15,未锁定
10650,BF2B066,101,15,未锁定
10651,BF2B067,101,15,未锁定
10652,BF2B068,101,15,未锁定
10653,BF2B069,101,15,未锁定
10654,BF2B070,101,15,未锁定
10655,BF2B071,101,15,未锁定
10656,BF2B072,101,15,未锁定
10657,BF2B073,101,15,未锁定
10658,BF2B074,101,15,未锁定
10659,BF2B075,101,15,未锁定
10660,BF2B076,101,15,未锁定
10661,BF2B077,101,15,未锁定
10662,BF2B078,101,15,未锁定
10663,BF2B079,101,15,未锁定
10664,BF2B080,101,15,未锁定
10665,BF2B081,101,15,未锁定
10666,BF2B082,101,15,未锁定
10667,BF2B083,101,15,未锁定
10668,BF2B084,101,15,未锁定
10669,BF2B085,101,15,未锁定
10670,BF2B086,101,15,未锁定
10671,BF2B087,101,15,未锁定
10672,BF2B088,101,15,未锁定
10673,BF2B089,101,15,未锁定
10674,BF2B090,101,15,未锁定
10675,BF2B091,101,15,未锁定
10676,BF2B092,101,15,未锁定
10677,BF2B093,101,15,未锁定
10678,BF2B094,101,15,未锁定
10679,BF2B095,101,15,未锁定
10680,BF2B096,101,15,未锁定
10681,BF2B097,101,15,未锁定
10682,BF2B098,101,15,未锁定
10683,BF2B099,101,15,未锁定
10684,BF2B100,101,15,未锁定
10685,BF2B101,101,15,未锁定
10686,BF2B102,101,15,未锁定
10687,BF2B103,101,15,未锁定
10688,BF2B104,101,15,未锁定
10689,BF2B105,101,15,未锁定
10690,BF2B106,101,15,未锁定
10691,BF2B107,101,15,未锁定
10692,BF2B108,101,15,未锁定
10693,BF2B109,101,15,未锁定
10694,BF2B110,101,15,未锁定
10695,BF2B111,101,15,未锁定
10696,BF2B112,101,15,未锁定
10697,BF2B113,101,15,未锁定
10698,BF2B114,101,15,未锁定
10699,BF2B115,101,15,未锁定
10700,BF2B116,101,15,未锁定
10701,BF2B117,101,15,未锁定
10702,BF2B118,101,15,未锁定
10703,BF2B119,101,15,未锁定
10704,BF2B120,101,15,未锁定
10705,BF2B121,101,15,未锁定
10706,BF2B122,101,15,未锁定
10707,BF2B123,101,15,未锁定
10708,BF2B124,101,15,未锁定
10709,BF2B125,101,15,未锁定
10710,BF2B126,101,15,未锁定
10711,BF2B127,101,15,未锁定
10712,BF2B128,101,15,未锁定
10713,BF2B129,101,15,未锁定
10714,BF2B130,101,15,未锁定
10715,BF2B131,101,15,未锁定
10716,BF2B132,101,15,未锁定
10717,BF2B133,101,15,未锁定
10718,BF2B134,101,15,未锁定
10719,BF2B135,101,15,未锁定
10720,BF2B136,101,15,未锁定
10721,BF2B137,101,15,未锁定
10722,BF2B138,101,15,未锁定
10723,BF2B139,101,15,未锁定
10724,BF2B140,101,15,未锁定
10725,BF2B141,101,15,未锁定
10726,BF2B142,101,15,未锁定
10727,BF2B143,101,15,未锁定
10728,BF2B144,101,15,未锁定

